{"timestemp":1540271143532,"data":{"table_1":[[0.00,0.00,0.00,null],[13673.00,257826.06,636811.28,"2015"],[12987.00,1263058.06,878462.91,"2016"],[11135.00,1426284.62,1086532.17,"2017"]],"table_2":[[null,0.00,0.00,0.00,0.00,0.00],["2015",19330429.35,17193323.85,23629764.58,1251155.71,495552.56],["2016",18515751.18,23612572.71,25135636.02,1625531.85,627886.20],["2017",20552440.30,32204830.13,29145799.78,3601250.44,1140523.36]],"table_3":[[28925320.12,7242239.95,20954937.16,545324.32,403368.68]],"table_4":[[226,124,202,156,153,157,230]],"table_5":[["2015",495552.56,13673.00,0.027591],["2016",627886.20,12987.00,0.020684],["2017",1140523.36,11135.00,0.009763]],"table_6":[["2015",257826.06,23629764.58,1251155.71],["2016",1263058.06,25135636.02,1625531.85],["2017",1426284.62,29145799.78,3601250.44]],"table_7":[["2015",12.377244,3.211576,8.108487],["2016",153.254871,3.854995,9.980180],["2017",150.593883,5.937906,18.749189],["2018",null,null,null]]},"responseCode":"_200","errorMsg":null}