{"timestemp":1540272090493,"data":[{"area":"高新西区","tax":3.679301,"profit":12.879485,"perCapitaIncome":175.096552},{"area":"高新南区","tax":5.395913,"profit":13.985911,"perCapitaIncome":90.756114}],"responseCode":"_200","errorMsg":null}